{"1":{"1":[0.01,0.3809814494882322],"2":[0.2969618866932458,0.38098144948823226],"3":[0.01,0.2041979624512874]},"2":{"2":[0.01,0.2869618866932458]},"3":{"2":[0.39098144948823227,0.406658763193021],"3":[0.21419796245128742,0.4066587631930211],"4":[0.36399382780761225,0.406658763193021]},"4":{"1":[0.3909814494882322,0.406658763193021],"4":[0.01,0.2205338637176862]},"5":{"4":[0.23053386371768622,0.35399382780761224]}}